{
    "type": "UnitCargoUnloadPoint",
    "name": "Faster Drone Unloading Point",
    "description": "Acts as unloading point for cargo drones. Accepts items that match the selected filter.",

    "size": 2,
    "health": 200,

	"unitType": "surg",
    "itemCapacity": 200,
    "liquidCapacity": 0,
    "separateItemCapacity": true,
    "requirements": 
    [
		"lead/200",
		"graphite/180",
		"silicon/150"
	],
    "category": "distribution",
    "speed": 4,

    "hasItems": true,
    "hasLiquids": flase,
    "outputsLiquid": flase,
    "outputItems": true,
    "buildTime": 200,

    research: {
  parent: more-vanilla-faster-cargo-delivery-load
  requirements: [
    lead/700
    graphite/630
    silicon/525
  ]
}
}
